Symbol,Date,Open,High,Low,Close,Volume
AAME,14-Nov-2008,0.71,0.71,0.71,0.71,0
AAON,14-Nov-2008,5.3185,5.3333,4.8889,4.9185,133600
AAPL,14-Nov-2008,3.3489,3.3568,3.2143,3.2229,50188500
AAWW,14-Nov-2008,16.86,17.98,15.84,15.9,229000
AAXJ,14-Nov-2008,31.07,32.9,30.2,30.45,575000
ABCB,14-Nov-2008,9.27,9.85,8.5,8.69,24900
ABMD,14-Nov-2008,14.89,15.38,13.93,13.97,168600
ACAD,14-Nov-2008,1.62,1.83,1.43,1.43,42600
ACBA,14-Nov-2008,8.67,9,8.65,8.69,28000
ACET,14-Nov-2008,8.72,9,8.59,8.66,158400
ACGL,14-Nov-2008,7.3478,7.4978,7.2533,7.3667,895600
ACIW,14-Nov-2008,5,5.1667,4.87,4.9167,341800
ACLS,14-Nov-2008,2.16,2.6,2.16,2.48,229700
ACMR,14-Nov-2008,1.18,1.21,1.04,1.05,469700
ACOR,14-Nov-2008,18.22,19.12,17.97,18.02,453500
ACTG,14-Nov-2008,2.42,2.52,2.37,2.38,24700
ACWI,14-Nov-2008,31,31.61,30.22,30.34,103300
ACWX,14-Nov-2008,28.48,29.01,27.43,27.86,47000
ADBE,14-Nov-2008,23.92,24.36,22.14,22.34,11111400
ADES,14-Nov-2008,1.875,1.93,1.875,1.885,10600
ADI,14-Nov-2008,19.91,20.32,19.17,19.29,5988400
ADP,14-Nov-2008,31.3783,32.5899,30.6408,30.8342,3352500
ADPT,14-Nov-2008,2.95,3,2.89,2.91,568100
ADRE,14-Nov-2008,27.23,27.23,24.71,24.75,421600
ADSK,14-Nov-2008,20.43,20.64,19.17,19.53,3204000
ADTN,14-Nov-2008,14.29,14.78,13.4,13.44,861800
AEHR,14-Nov-2008,2.25,2.3,2.12,2.25,50600
AEIS,14-Nov-2008,8.27,8.45,7.12,7.16,595300
AEY,14-Nov-2008,1.76,1.77,1.76,1.76,4000
AEZS,14-Nov-2008,360,375,318,348,101100
AGEN,14-Nov-2008,0.74,0.74,0.61,0.71,62200
AGNC,14-Nov-2008,18.25,19.24,17.59,18.25,192700
AGYS,14-Nov-2008,2.58,2.58,2.19,2.19,74100
AHPI,14-Nov-2008,4.01,4.01,3.93,3.93,4800
AIMC,14-Nov-2008,7.19,7.31,6.57,6.58,179700
AINV,14-Nov-2008,30.54,31.98,28.32,28.77,1649800
AIRT,14-Nov-2008,7.54,7.54,7.25,7.26,4200
AKAM,14-Nov-2008,12.96,13.6,12.63,12.76,3279100
ALCO,14-Nov-2008,33.1,34.5,31.9,31.99,3300
ALGN,14-Nov-2008,6.98,7.45,6.8,6.87,631400
ALGT,14-Nov-2008,41.68,42.43,39.99,40.29,227300
ALKS,14-Nov-2008,7.52,8.07,7.5,7.65,1273900
ALLT,14-Nov-2008,2.1,2.18,2,2.05,44600
ALNY,14-Nov-2008,25.9,26,23.1,23.16,443800
ALOT,14-Nov-2008,6.52,6.81,6.52,6.52,300
ALTR,14-Nov-2008,15.7,15.89,14.85,15.02,8146800
ALTU,14-Nov-2008,0.57,0.58,0.53,0.57,81700
ALVR,14-Nov-2008,31.4,31.6,29,29.9,401300
AMAT,14-Nov-2008,10.75,10.86,10.09,10.23,19698200
AMD,14-Nov-2008,2.65,2.66,2.37,2.43,23779000
AMED,14-Nov-2008,53.05,53.5,50.54,50.57,854700
AMGN,14-Nov-2008,59.01,60,57.89,58.23,12293700
AMKR,14-Nov-2008,3.24,3.3,2.98,3.02,2971700
AMNB,14-Nov-2008,16.4,16.4,16.4,16.4,0
AMOT,14-Nov-2008,2.1,2.1,2.06,2.06,11200
AMPH,14-Nov-2008,19.18,20.21,18.81,18.94,8500
AMPL,14-Nov-2008,36.2,36.2,30.2,30.2,15800
AMRN,14-Nov-2008,0.94,0.94,0.75,0.91,2800
AMSC,14-Nov-2008,116.7,122.6,108.5,109.2,405200
AMSF,14-Nov-2008,17.43,17.8,15.81,15.97,124600
AMSWA,14-Nov-2008,4,4.07,3.82,3.89,61900
AMWD,14-Nov-2008,18.03,18.58,16.23,16.35,36100
AMZN,14-Nov-2008,43.61,44.5,41.5,41.75,11949600
ANAT,14-Nov-2008,70.34,72.56,66.05,66.07,48000
ANDE,14-Nov-2008,12.1933,12.5467,11.64,11.72,278200
ANGN,14-Nov-2008,3.5,3.67,3.5,3.5,600
ANGO,14-Nov-2008,12.48,13,11.95,11.98,127600
ANIK,14-Nov-2008,5.1,5.12,4.95,5.09,13600
ANSS,14-Nov-2008,28.83,29.59,27.6,28.4,1300500
APAC,14-Nov-2008,1.49,1.5,1.42,1.48,28800
APEI,14-Nov-2008,39.41,40.62,38.77,38.77,272600
APOG,14-Nov-2008,8.56,8.82,7.75,7.77,158000
ARAY,14-Nov-2008,4.93,5.14,4.7,4.71,211900
ARCC,14-Nov-2008,5.84,6.25,5.42,5.45,838400
ARKR,14-Nov-2008,10.75,10.75,10.52,10.52,3900
ARLP,14-Nov-2008,14.475,14.815,13.505,13.6,101800
ARNA,14-Nov-2008,36.3,37.4,33.9,34,611000
AROW,14-Nov-2008,26.06,27.61,25.08,26.07,34300
ARRY,14-Nov-2008,3.71,4.17,3.32,3.33,149900
ARTL,14-Nov-2008,5.34,5.38,4.34,4.52,11800
ARTNA,14-Nov-2008,14.5,14.97,14.5,14.8,900
ARTW,14-Nov-2008,3.65,3.95,3.63,3.8,4200
ARWR,14-Nov-2008,1.29,1.48,1.25,1.4,237800
ASML,14-Nov-2008,14.91,15.73,14.84,15.07,2335600
ASRV,14-Nov-2008,2.52,2.6,2.5,2.59,8600
ASTE,14-Nov-2008,24.06,24.26,22.67,22.79,212600
ASUR,14-Nov-2008,0.1467,0.1733,0.1333,0.1333,69300
ASYS,14-Nov-2008,4.47,4.49,4.12,4.13,59700
ATAI,14-Nov-2008,4.37,5.3,4.3,4.99,44300
ATAX,14-Nov-2008,4.71,4.84,4.56,4.84,7500
ATEC,14-Nov-2008,39.96,39.96,32.88,32.88,43600
ATHX,14-Nov-2008,0.4,0.49,0.38,0.4,49400
ATLO,14-Nov-2008,24.73,24.94,23.19,23.2,5900
ATNI,14-Nov-2008,21.2,22.48,20.35,20.51,25700
ATRC,14-Nov-2008,3.35,3.48,3.22,3.47,36100
ATRI,14-Nov-2008,88.01,89,86.22,86.27,2400
ATRO,14-Nov-2008,7.4417,7.75,7.1583,7.2917,15200
ATSG,14-Nov-2008,0.19,0.2,0.15,0.16,786600
ATVI,14-Nov-2008,11.55,11.58,10.58,10.61,17892500
AUBN,14-Nov-2008,22.25,22.25,22.25,22.25,0
AUDC,14-Nov-2008,1.83,1.85,1.79,1.81,51500
AVAV,14-Nov-2008,31.76,31.76,29.67,29.84,275600
AVCT,14-Nov-2008,15.77,16.07,15.17,15.2,636400
AVID,14-Nov-2008,14.15,14.48,13.33,13.38,329300
AWRE,14-Nov-2008,2,2,1.98,1.98,11800
AXTI,14-Nov-2008,1.06,1.08,1.02,1.08,363200
AZPN,14-Nov-2008,6.25,6.85,6,6.6,176300
BANF,14-Nov-2008,45.55,47,43.4,43.91,35400
BANFP,14-Nov-2008,22.7,23,22.7,22.7,200
BANR,14-Nov-2008,77,77,70.07,70.14,75600
BBBY,14-Nov-2008,21.8,22.41,20.58,20.6,5717400
BBGI,14-Nov-2008,1.89,1.95,1.77,1.92,5000
BBSI,14-Nov-2008,10.12,10.27,9.93,10.14,7300
BCBP,14-Nov-2008,10.89,10.89,10.89,10.89,400
BCPC,14-Nov-2008,15.2867,16.3533,15.12,15.3,134800
BCRX,14-Nov-2008,1.18,1.21,1.12,1.13,52300
BDSI,14-Nov-2008,2.52,2.6,2.32,2.6,24900
BECN,14-Nov-2008,11.37,12.08,11.25,11.25,783800
BELFA,14-Nov-2008,14.61,14.61,14.61,14.61,0
BELFB,14-Nov-2008,16,16.5,15.19,15.31,27500
BFIN,14-Nov-2008,10.91,10.91,10.22,10.22,66700
BGCP,14-Nov-2008,3.25,3.25,2.91,2.99,182900
BGFV,14-Nov-2008,3.85,4.03,3.77,3.87,319200
BIDU,14-Nov-2008,18.449,19.373,17.75,17.889,3253300
BIIB,14-Nov-2008,42.7211,43.0251,39.8012,40.0868,3454300
BJRI,14-Nov-2008,7.99,8.4,7.92,8.06,167100
BKCC,14-Nov-2008,7.89,8.26,7.31,7.37,64200
BKSC,14-Nov-2008,12,12.01,12,12,500
BLDP,14-Nov-2008,2.3,2.43,2.21,2.21,107100
BLKB,14-Nov-2008,12.92,12.99,11.27,11.31,529000
BMRC,14-Nov-2008,12.275,13.07,12.27,13.07,7200
BMRN,14-Nov-2008,16.83,18.08,16.51,17.11,1303100
BMTC,14-Nov-2008,17.65,19.75,16.43,17.27,19800
BNSO,14-Nov-2008,1.02,1.02,0.97,0.97,2100
BOKF,14-Nov-2008,45.01,45.9,43.02,43.11,100900
BOLT,14-Nov-2008,7.81,8.18,7.14,7.14,55700
BOOM,14-Nov-2008,16.76,17.07,15.3,15.47,321500
BOSC,14-Nov-2008,2.28,2.28,2.28,2.28,0
BPOP,14-Nov-2008,60,63.8,57.6,59.7,1041400
BPOPM,14-Nov-2008,18.53,19.5,18,18,5300
BPOPN,14-Nov-2008,21.5,21.63,21.5,21.5,7300
BRID,14-Nov-2008,4.28,4.28,4.28,4.28,0
BRKL,14-Nov-2008,11.72,11.81,11.04,11.07,443900
BRKR,14-Nov-2008,5.21,5.21,4.59,4.61,883000
BRKS,14-Nov-2008,4.03,4.09,3.63,3.66,763700
BRLI,14-Nov-2008,12.245,12.325,11.495,11.57,75800
BSET,14-Nov-2008,3.33,4.29,3.33,3.85,15500
BSQR,14-Nov-2008,2.92,2.94,2.89,2.93,2100
BSRR,14-Nov-2008,18.26,19.28,17.81,17.85,7300
BUSE,14-Nov-2008,18.03,18.03,15.82,15.86,67500
BYFC,14-Nov-2008,5.88,5.9,5.85,5.85,2000
CAAS,14-Nov-2008,2.25,2.44,2.2,2.23,30400
CAC,14-Nov-2008,27.69,27.69,25,25.52,7000
CACC,14-Nov-2008,13.43,13.8,12.57,12.57,14500
CAKE,14-Nov-2008,7.16,7.27,6.66,6.69,2518800
CALM,14-Nov-2008,11.47,11.7,10.775,10.775,281400
CAMP,14-Nov-2008,0.79,0.79,0.76,0.79,22000
CAMT,14-Nov-2008,0.57,0.57,0.55,0.55,8800
CARV,14-Nov-2008,6.5,7.25,6.5,7.19,2100
CASA,14-Nov-2008,2.95,3.17,1.7,2.25,10100
CASH,14-Nov-2008,3.6,3.8167,3.6,3.8167,200
CASS,14-Nov-2008,34.6,34.6,32.39,33.33,4700
CASY,14-Nov-2008,28.75,30.75,28.37,29.5,1459900
CATY,14-Nov-2008,21.18,21.97,19.85,20.18,487800
CBAN,14-Nov-2008,8.57,8.57,8.57,8.57,500
CBNK,14-Nov-2008,12.2,12.28,11.7,11.75,2300
CBRL,14-Nov-2008,14.81,15.59,14.35,14.39,510500
CBSH,14-Nov-2008,43.76,45.19,42.19,42.41,591000
CCBG,14-Nov-2008,29,29.04,26.7,26.79,16800
CCMP,14-Nov-2008,24.5,25.14,23.06,23.34,293100
CCNE,14-Nov-2008,12.68,12.68,12.68,12.68,100
CCOI,14-Nov-2008,4.19,4.31,3.96,3.99,424300
CCRN,14-Nov-2008,8.73,8.88,8.43,8.51,398700
CDNS,14-Nov-2008,3.87,4.04,3.62,3.93,3967100
CDZI,14-Nov-2008,10.27,10.27,9.14,9.41,16900
CECE,14-Nov-2008,1.83,2.13,1.8,2.01,38500
CENT,14-Nov-2008,3.33,3.5,3.06,3.06,139600
CENTA,14-Nov-2008,3.23,3.45,2.87,2.91,225200
CENX,14-Nov-2008,12,13.19,11.65,12.12,1637000
CERN,14-Nov-2008,9.7425,9.825,9.0075,9.0475,1686600
CERS,14-Nov-2008,1.24,1.26,1.19,1.26,227700
CEVA,14-Nov-2008,6.58,6.75,5.75,6.11,92600
CFBK,14-Nov-2008,82.5,83.6,82.5,82.5,7400
CFFI,14-Nov-2008,19.25,19.25,19.25,19.25,100
CFFN,14-Nov-2008,46,46.42,44.26,44.42,101800
CGEN,14-Nov-2008,0.81,0.93,0.81,0.82,174700
CGNX,14-Nov-2008,3.6475,3.815,3.4625,3.47,315100
CHCI,14-Nov-2008,0.23,0.25,0.22,0.24,48300
CHCO,14-Nov-2008,38.18,39.85,36.94,37.08,84100
CHDN,14-Nov-2008,10.8667,11.2,10.36,10.45,56800
CHKP,14-Nov-2008,19.87,20.89,19.82,20.01,2226400
CHNR,14-Nov-2008,9.25,9.46,9.01,9.2,21500
CHRS,14-Nov-2008,0.88,1.05,0.87,0.97,1315200
CHRW,14-Nov-2008,53.11,53.46,50.45,50.78,2012800
CHSCP,14-Nov-2008,24.99,24.99,24.8,24.95,5500
CHTR,14-Nov-2008,0.39,0.4,0.35,0.35,1811800
CINF,14-Nov-2008,26.05,27.43,25.75,26.23,966500
CIZN,14-Nov-2008,22,22,22,22,20300
CLDX,14-Nov-2008,104.85,105,93.6,93.6,28000
CLFD,14-Nov-2008,0.82,0.83,0.81,0.81,9000
CLMT,14-Nov-2008,10.93,11,9.95,10.2,86100
CLNE,14-Nov-2008,5.31,5.5,4.96,5.01,821100
CLRO,14-Nov-2008,4.03,4.03,4.03,4.03,100
CLSN,14-Nov-2008,2.85,2.85,2.5,2.6,4400
CLWT,14-Nov-2008,3.74,3.85,3.4833,3.63,38400
CMCO,14-Nov-2008,12.04,12.41,10.95,11.16,177700
CMCSA,14-Nov-2008,8.05,8.38,7.74,7.765,27675000
CME,14-Nov-2008,43.856,44.5,41.296,41.806,1345100
CMLS,14-Nov-2008,6.24,6.24,4.48,4.96,226700
CMTL,14-Nov-2008,45.36,46.72,43.61,44,299500
CNBKA,14-Nov-2008,15.75,15.76,15.75,15.75,1400
CNOB,14-Nov-2008,8.85,8.91,8.7,8.7,2800
CNSL,14-Nov-2008,11.14,11.42,10.71,10.74,79200
CNTY,14-Nov-2008,1.03,1.14,1.03,1.14,62900
COCO,14-Nov-2008,15.31,15.35,14.38,14.43,1152900
COGT,14-Nov-2008,9.17,9.47,8.9,8.9,747200
COHR,14-Nov-2008,24.66,24.98,23.25,23.47,108600
COHU,14-Nov-2008,12.64,12.88,11.73,11.84,108300
COIN,14-Nov-2008,6,6.1,5.45,5.64,185500
COKE,14-Nov-2008,37.73,38.81,36.31,37.5,23900
COLB,14-Nov-2008,13.09,13.23,12.09,12.14,142100
COLM,14-Nov-2008,18.165,18.9,17.625,18,413600
COMS,14-Nov-2008,1.9,1.93,1.77,1.82,3898700
CONN,14-Nov-2008,9.22,9.49,8.32,8.37,79100
COOL,14-Nov-2008,20.16,22.26,18.06,20.16,86900
COOP,14-Nov-2008,3.5,3.5,3.5,3.5,0
CORT,14-Nov-2008,1.32,1.36,1.3,1.31,9600
COST,14-Nov-2008,48.55,50.68,47.59,48.06,7233800
COWN,14-Nov-2008,5.63,5.65,5.41,5.5,32000
CPHC,14-Nov-2008,7,7.1,7,7.1,4000
CPLP,14-Nov-2008,8,8.2,7.44,7.46,48200
CPRT,14-Nov-2008,7.485,7.6,6.965,6.9825,1352500
CPRX,14-Nov-2008,2.42,2.43,2.36,2.36,4900
CPSI,14-Nov-2008,26.5,29.72,26.11,27.9,327900
CPSS,14-Nov-2008,0.82,0.94,0.82,0.84,16600
CRAI,14-Nov-2008,25.82,26.98,24.93,25.22,92600
CRESW,14-Nov-2008,0.11,0.13,0.11,0.13,26100
CRESY,14-Nov-2008,5.22,5.47,5.06,5.06,237500
CRIS,14-Nov-2008,4.1,4.35,3.9,3.9,43100
CRMT,14-Nov-2008,11.5,11.55,10.77,10.8,170100
CRNT,14-Nov-2008,5.01,5.34,4.97,5.09,187400
CROX,14-Nov-2008,1.09,1.36,1.05,1.14,6435200
CRUS,14-Nov-2008,4.68,4.77,4.08,4.08,790000
CRVL,14-Nov-2008,11.2,11.405,10.77,10.875,41100
CRWS,14-Nov-2008,2.79,2.79,2.79,2.79,0
CSCO,14-Nov-2008,16.89,17.43,16.33,16.62,68821500
CSGP,14-Nov-2008,30.67,31.2,29.99,30.03,305000
CSGS,14-Nov-2008,15.84,15.88,14.39,14.42,384000
CSIQ,14-Nov-2008,6.4,6.55,5.91,6.43,2159100
CSPI,14-Nov-2008,3.35,3.48,3.07,3.35,1000
CSTR,14-Nov-2008,20.63,20.88,20.08,20.11,238300
CSWC,14-Nov-2008,22.45,24.3775,21.855,22.13,10400
CSX,14-Nov-2008,13.85,13.9867,12.9267,12.94,7386500
CTAS,14-Nov-2008,20.5,22.19,20.5,21.01,2213900
CTBI,14-Nov-2008,29.93,32,29.51,29.65,29500
CTHR,14-Nov-2008,0.19,0.23,0.18,0.2,13100
CTIB,14-Nov-2008,2.49,2.49,1.6,1.67,64800
CTIC,14-Nov-2008,13,14,12,12,248700
CTRN,14-Nov-2008,11.24,11.44,9.19,9.22,240800
CTSH,14-Nov-2008,8.88,9,8.41,8.435,3139200
CTXS,14-Nov-2008,18.5111,19.2516,17.293,18.2723,2426500
CUBA,14-Nov-2008,4.67,5,4.46,4.59,7200
CUTR,14-Nov-2008,8.2,8.74,8,8.71,89800
CVBF,14-Nov-2008,12.03,12.5,11.26,11.29,544500
CVCO,14-Nov-2008,28.29,28.68,27,27.12,17200
CVCY,14-Nov-2008,7,7,7,7,500
CVGI,14-Nov-2008,1.09,1.23,1,1.15,158200
CVGW,14-Nov-2008,7.81,7.9,7,7,121000
CVLT,14-Nov-2008,10.04,10.37,9.51,9.82,272700
CVLY,14-Nov-2008,9.99,9.99,9.97,9.99,300
CVV,14-Nov-2008,2.28,2.35,2.27,2.3,10800
CWBC,14-Nov-2008,3.25,3.36,3,3,7700
CWCO,14-Nov-2008,11.51,11.52,10.43,10.47,74500
CWST,14-Nov-2008,6,6.05,4.84,4.93,324700
CYAN,14-Nov-2008,1.51,1.62,1.5,1.51,4800
CYBE,14-Nov-2008,6.14,6.14,5.61,5.61,4300
CYCC,14-Nov-2008,890.4,924,806.4,823.2,76800
CYCCP,14-Nov-2008,1,1.05,1,1,13500
CYTK,14-Nov-2008,16.2,18.48,15.3,15.36,265600
CZNC,14-Nov-2008,20.86,21.25,20.75,20.82,3800
CZWI,14-Nov-2008,7,7,6.98,7,5900
DAIO,14-Nov-2008,2.79,3.02,2.77,3.02,11100
DAKT,14-Nov-2008,8.52,8.66,7.83,7.85,270800
DCOM,14-Nov-2008,15.99,16.86,14.94,15.02,129600
DCTH,14-Nov-2008,227.84,235.52,227.84,235.52,44400
DDMX,14-Nov-2008,21.7,22.86,20.53,20.64,17200
DENN,14-Nov-2008,1.6,1.65,1.52,1.59,199900
DGICA,14-Nov-2008,14.91,14.98,14.03,14.57,17700
DGICB,14-Nov-2008,16.25,16.25,16.25,16.25,0
DGII,14-Nov-2008,10.27,10.69,9.93,10.36,281900
DGLY,14-Nov-2008,3.4,3.45,3.13,3.28,114900
DHIL,14-Nov-2008,61.81,61.81,57.6,58,13000
DIOD,14-Nov-2008,5.26,5.49,5.13,5.17,441800
DISCA,14-Nov-2008,13.51,14.54,13.17,13.92,2481700
DISCB,14-Nov-2008,13.2,14.4,13.06,14.4,600
DISCK,14-Nov-2008,6.545,6.96,6.25,6.73,345400
DISH,14-Nov-2008,11.15,11.88,10.99,11,3764800
DJCO,14-Nov-2008,36.08,36.08,36.08,36.08,0
DLTR,14-Nov-2008,13.4167,13.4934,12.6867,12.8434,2064800
DMLP,14-Nov-2008,20.75,21.1,19.75,19.87,41600
DMRC,14-Nov-2008,9.65,9.82,9.6,9.65,20500
DORM,14-Nov-2008,5.98,6.075,5.415,5.565,13100
DRIV,14-Nov-2008,24.53,25.13,23.25,23.32,511200
DRRX,14-Nov-2008,3.52,3.78,3.22,3.22,370600
DSGX,14-Nov-2008,2.77,2.83,2.51,2.77,30900
DSPG,14-Nov-2008,6.12,6.24,5.72,5.75,161400
DSWL,14-Nov-2008,2.29,2.29,2.07,2.16,33600
DVAX,14-Nov-2008,2.8,2.8,2.5,2.6,471100
DWSN,14-Nov-2008,22.38,22.48,20,20.3,133200
DXCM,14-Nov-2008,2.26,2.26,2.03,2.08,217700
DXPE,14-Nov-2008,11.58,12.1,10.68,11.25,309000
DXYN,14-Nov-2008,3.42,3.74,3.42,3.69,1900
DYNT,14-Nov-2008,1.8,2,1.75,2,9800
EBAY,14-Nov-2008,5.5747,5.7221,5.2042,5.2042,24872000
EBIX,14-Nov-2008,8.46,9,8.4167,8.59,37600
EBSB,14-Nov-2008,3.8807,3.9828,3.8113,3.8113,13900
EBTC,14-Nov-2008,10.82,10.82,10.82,10.82,300
ECOL,14-Nov-2008,18.01,18.46,17.52,17.66,111800
ECPG,14-Nov-2008,8.77,8.77,7.73,7.75,94000
EDAP,14-Nov-2008,1.85,1.85,1.7,1.85,3800
EDUC,14-Nov-2008,2,2,2,2,200
EEFT,14-Nov-2008,9.05,9.41,8.87,9.14,668700
EFOI,14-Nov-2008,8.55,10.1,8.5,8.65,11100
EFSC,14-Nov-2008,16.77,16.77,14.85,14.85,6700
EGBN,14-Nov-2008,7.01,7.5,6.96,7.5,5300
EGLE,14-Nov-2008,93240,93240,87192,87796.8,1174600
EHTH,14-Nov-2008,10.73,10.82,10.06,10.27,117300
ELSE,14-Nov-2008,3.1,3.2,3.1,3.2,4600
ELTK,14-Nov-2008,0.84,0.86,0.55,0.86,29300
EMKR,14-Nov-2008,6.08,6.24,5.12,5.36,1834600
ENDP,14-Nov-2008,19.77,20.38,19.5,19.76,2756500
ENG,14-Nov-2008,4.06,4.7,4.02,4.11,179700
ENSG,14-Nov-2008,7.325,7.725,7.05,7.05,213700
ENTG,14-Nov-2008,1.83,1.88,1.64,1.64,894300
EPAY,14-Nov-2008,6.9,7.01,6.23,6.25,82700
EPIX,14-Nov-2008,7.2,8.6,7,8.6,54000
EQIX,14-Nov-2008,51.88,55.55,51.88,52.91,802900
ERES,14-Nov-2008,5.16,5.27,4.61,4.65,632600
ERIC,14-Nov-2008,6.51,6.89,6.45,6.52,6295000
ERIE,14-Nov-2008,37.67,38.75,37.03,37.48,187200
ERII,14-Nov-2008,5.9,6.04,5.8,5.95,359800
ESBK,14-Nov-2008,11.5,11.5,11.01,11.1,1400
ESCA,14-Nov-2008,1.16,1.44,1.16,1.44,2900
ESEA,14-Nov-2008,35.92,37.92,33.52,34.96,244400
ESGR,14-Nov-2008,64,66.58,61.7,62.82,11700
ESLT,14-Nov-2008,42.77,44.5,42.77,43.78,9600
ESSA,14-Nov-2008,13.28,13.5,12.7,12.72,45900
EVK,14-Nov-2008,2.29,2.29,2.21,2.25,20700
EVOL,14-Nov-2008,1,1.03,0.98,0.98,11400
EWBC,14-Nov-2008,15.64,16.23,15,15,1238600
EXAS,14-Nov-2008,0.41,0.42,0.38,0.4,81500
EXEL,14-Nov-2008,3.26,3.3,3.05,3.05,594200
EXLS,14-Nov-2008,7.12,7.91,6.36,6.4,105700
EXPD,14-Nov-2008,32.56,33.17,30.6,30.68,3339500
EXPE,14-Nov-2008,8.01,8.3,7.76,7.8,5222900
EXPO,14-Nov-2008,7.055,7.2775,6.9525,7.0225,125800
EXTR,14-Nov-2008,1.97,2.08,1.84,1.84,274600
EZPW,14-Nov-2008,16.88,16.91,15.32,15.35,435600
FARM,14-Nov-2008,21,21.15,20.5,20.54,5300
FARO,14-Nov-2008,14.62,15.25,13.39,13.44,150000
FAST,14-Nov-2008,8.9625,9.1,8.315,8.33,2787600
FBIZ,14-Nov-2008,15.6,15.6,15.6,15.6,0
FBMS,14-Nov-2008,12.51,12.51,12.51,12.51,0
FBNC,14-Nov-2008,16.5,16.97,15.5,15.58,26800
FCAL,14-Nov-2008,5.97,5.98,5.97,5.98,900
FCBC,14-Nov-2008,29.29,30.22,27.46,27.87,16600
FCCO,14-Nov-2008,8.5,8.5,8.5,8.5,200
FCCY,14-Nov-2008,9.45,9.45,9.45,9.45,400
FCEL,14-Nov-2008,574.56,597.6,541.44,542.88,520200
FCFS,14-Nov-2008,13.86,14.44,13.75,13.78,212700
FCNCA,14-Nov-2008,149.5,152.28,144.12,145.39,7700
FEIM,14-Nov-2008,3,3.15,3,3.1,11700
FELE,14-Nov-2008,17.985,17.985,16.515,16.58,355800
FFBC,14-Nov-2008,13.28,13.98,12.86,13.04,146900
FFHL,14-Nov-2008,1.24,1.26,1.04,1.08,74000
FFIC,14-Nov-2008,15.61,15.91,14.03,14.11,89700
FFIN,14-Nov-2008,8.83,8.915,8.3534,8.3634,70100
FFIV,14-Nov-2008,21.49,23.31,21.25,22.5,2888900
FFNW,14-Nov-2008,8.11,8.33,8.05,8.22,91800
FISI,14-Nov-2008,13.92,15.25,13.61,14.42,21000
FISV,14-Nov-2008,8.39,8.605,8.1825,8.1875,3380300
FITB,14-Nov-2008,10.13,10.39,9.52,9.54,8018300
FITBP,14-Nov-2008,96,96,90.24,94.62,70800
FIZZ,14-Nov-2008,8.43,8.5,7.63,8.08,14100
FLEX,14-Nov-2008,3.2,3.31,3.06,3.06,6523100
FLIC,14-Nov-2008,14.5667,14.6667,14.08,14.08,5100
FLWS,14-Nov-2008,4.16,4.26,3.9,3.93,88200
FLXS,14-Nov-2008,7.51,7.75,7.51,7.75,1300
FMBI,14-Nov-2008,20.08,21.38,18.87,18.96,503300
FNLC,14-Nov-2008,17.85,18.1,16.65,16.7,10000
FOLD,14-Nov-2008,9.85,9.85,9.05,9.05,27600
FONR,14-Nov-2008,0.67,3.49,0.67,1.58,446100
FORD,14-Nov-2008,2.42,2.46,2.32,2.37,39900
FORM,14-Nov-2008,14.48,14.49,13.54,13.63,656300
FORR,14-Nov-2008,25.35,25.46,23.52,23.8,152600
FORTY,14-Nov-2008,5.75,5.75,5.75,5.75,0
FOSL,14-Nov-2008,15.75,16.23,14.69,14.69,767900
FRBK,14-Nov-2008,9,9.05,8.76,8.9,32100
FREE,14-Nov-2008,261000000,270000000,198000000,198000000,271700
FREEW,14-Nov-2008,0.17,0.17,0.17,0.17,0
FRME,14-Nov-2008,21.87,22.49,20.21,20.31,65100
FRPT,14-Nov-2008,2.69,3.02,2.58,2.81,488500
FSFG,14-Nov-2008,9.03,9.29,9,9.29,500
FSII,14-Nov-2008,0.47,0.51,0.39,0.45,85700
FSLR,14-Nov-2008,120.86,124.97,115,116.78,4796700
FSTR,14-Nov-2008,28.38,28.9,27.25,27.46,169000
FTEK,14-Nov-2008,8.32,8.98,8.11,8.46,340000
FULT,14-Nov-2008,10.74,11.13,10.3,10.39,1609600
FUNC,14-Nov-2008,17,17.48,16.34,16.65,1300
FUND,14-Nov-2008,4.52,4.52,4.17,4.24,41800
FWRD,14-Nov-2008,24.64,24.64,22.81,23.11,182000
GABC,14-Nov-2008,7.4,7.6,7.4,7.56,1000
GAIA,14-Nov-2008,4.78,4.81,4.31,4.35,181700
GAIN,14-Nov-2008,3.87,4,3.77,3.77,31300
GASS,14-Nov-2008,4,4.58,3.85,3.98,71900
GBCI,14-Nov-2008,17.25,18.39,16.86,17.24,2154900
GCBC,14-Nov-2008,5.75,5.75,5.75,5.75,0
GENC,14-Nov-2008,4.26,4.4667,4.1733,4.32,31300
GENE,14-Nov-2008,32.6,40,32.6,40,3300
GERN,14-Nov-2008,3.88,4.02,3.7,3.7,781200
GFED,14-Nov-2008,8.77,8.77,8.77,8.77,0
GGAL,14-Nov-2008,1.9,1.94,1.86,1.87,194400
GIFI,14-Nov-2008,14.05,14.8,13.36,13.39,218800
GIGM,14-Nov-2008,26.95,28,25.2,26.7,306700
GIII,14-Nov-2008,4.99,4.99,4.55,4.56,129600
GILD,14-Nov-2008,23.39,24.42,23.12,23.46,15080800
GILT,14-Nov-2008,2.5,2.64,2.39,2.53,73200
GLAD,14-Nov-2008,9.26,9.36,8.22,8.22,140000
GLBL,14-Nov-2008,3.16,3.25,2.69,2.76,2186100
GLBZ,14-Nov-2008,9.96,9.96,9.96,9.96,0
GLDD,14-Nov-2008,4.44,4.56,4.2,4.22,178500
GLNG,14-Nov-2008,5.96,6.16,5.69,5.71,208000
GLRE,14-Nov-2008,11.41,11.61,10.58,11.1,186200
GNTX,14-Nov-2008,4.075,4.22,3.89,3.905,1883300
GOOD,14-Nov-2008,10.98,11.05,10.5,11.05,6600
GOODO,14-Nov-2008,13.25,13.25,13.25,13.25,0
GOOG,14-Nov-2008,151.625,162.495,151.28,155.01,9518400
GPRE,14-Nov-2008,2.39,2.92,2.39,2.75,14600
GPRO,14-Nov-2008,44.74,44.9,42.5,42.86,464700
GRIL,14-Nov-2008,0.75,0.75,0.75,0.75,300
GRMN,14-Nov-2008,19.87,20.32,19.02,19.04,1350000
GROW,14-Nov-2008,4.45,4.73,4.11,4.22,66300
GRVY,14-Nov-2008,2,2.76,2,2.68,5700
GSBC,14-Nov-2008,10,10,9.08,9.28,23400
GSIT,14-Nov-2008,3.2,3.23,3.2,3.2,5500
GT,14-Nov-2008,5.92,5.98,5.36,5.42,7518000
GTIM,14-Nov-2008,1.35,1.47,1.35,1.47,2600
GYRO,14-Nov-2008,35.84,35.98,35.84,35.98,200
HA,14-Nov-2008,6.35,6.54,6.09,6.21,609900
HAFC,14-Nov-2008,4.14,4.16,3.91,3.92,193200
HAIN,14-Nov-2008,9.305,9.68,9.005,9.03,417800
HALL,14-Nov-2008,6.1,6.18,6.08,6.13,21100
HALO,14-Nov-2008,4.5,4.62,4.14,4.14,183300
HAS,14-Nov-2008,27.04,27.95,26.5,26.94,2631400
HAYN,14-Nov-2008,21.52,21.52,18.66,18.95,114300
HBAN,14-Nov-2008,8.08,8.33,7.75,7.79,6891400
HBANP,14-Nov-2008,799.3,800,770.88,770.88,100
HBCP,14-Nov-2008,10,10.11,10,10.11,2300
HBIO,14-Nov-2008,2.48,2.87,2.48,2.82,70800
HBNC,14-Nov-2008,3.2593,3.2652,3.2593,3.2593,400
HCCI,14-Nov-2008,12.53,13.24,12.53,13.17,1600
HCII,14-Nov-2008,5.14,5.49,4.89,5.3,7000
HCIIW,14-Nov-2008,0.32,0.37,0.32,0.35,7900
HCKT,14-Nov-2008,2.8,2.81,2.57,2.57,301400
HCSG,14-Nov-2008,9.1667,9.74,9.16,9.3067,207300
HDSN,14-Nov-2008,1.09,1.09,0.95,1.04,49200
HEES,14-Nov-2008,6.64,6.7,6.21,6.22,132100
HELE,14-Nov-2008,16.33,16.65,15.29,15.45,235000
HERO,14-Nov-2008,5.32,5.6,5.06,5.41,2609400
HFWA,14-Nov-2008,12.95,12.95,12.95,12.95,100
HIBB,14-Nov-2008,15.59,15.79,14.54,14.65,396400
HIFS,14-Nov-2008,28.94,28.94,28.94,28.94,0
HIHO,14-Nov-2008,0.77,0.78,0.77,0.78,2300
HIMX,14-Nov-2008,1.7,2.04,1.67,2.01,383900
HLIT,14-Nov-2008,5.06,5.2,4.8,4.83,1067200
HLTH,14-Nov-2008,8.39,8.53,8.21,8.21,1079400
HMNF,14-Nov-2008,6.39,6.49,6.28,6.49,600
HOFT,14-Nov-2008,9.1,9.3,8.37,8.4,67400
HOLI,14-Nov-2008,2.75,2.75,2.47,2.47,115500
HOLX,14-Nov-2008,14.26,14.93,14,14.14,5229000
HOMB,14-Nov-2008,6.265,6.7175,6.0775,6.115,73300
HOOK,14-Nov-2008,2.66,2.7,2.52,2.6,34000
HOVNP,14-Nov-2008,1.39,1.39,1.17,1.29,16800
HSIC,14-Nov-2008,42.75,43.78,40.79,40.84,1130700
HSII,14-Nov-2008,22.51,22.98,21.06,21.24,179200
HSKA,14-Nov-2008,0.31,0.33,0.3,0.31,257900
HSTM,14-Nov-2008,2.52,2.79,2.4,2.75,32500
HTBK,14-Nov-2008,13.59,13.62,11.42,11.59,16300
HTLD,14-Nov-2008,14.61,14.66,13.93,13.93,854100
HTLF,14-Nov-2008,21.87,22.84,20.26,20.97,17400
HUBG,14-Nov-2008,28.41,28.75,26.45,26.6,559700
HURC,14-Nov-2008,18.44,18.74,17,17.17,87200
HURN,14-Nov-2008,49.57,50.58,48.17,48.51,190400
HWBK,14-Nov-2008,19.08,19.08,19,19.04,1100
HWKN,14-Nov-2008,14.91,16.35,14.91,15.35,3400
IART,14-Nov-2008,16.76,17.11,16.09,16.57,384900
IBB,14-Nov-2008,70.4,71.2,68.31,68.46,831300
IBCP,14-Nov-2008,3.06,3.06,2.29,2.41,310300
IBKR,14-Nov-2008,20.19,20.55,18.86,18.99,528800
IBOC,14-Nov-2008,23.83,24.35,22.8,22.9,363000
ICAD,14-Nov-2008,1.92,1.94,1.81,1.88,172000
ICCC,14-Nov-2008,2,2,2,2,400
ICFI,14-Nov-2008,18.12,18.5,17.46,18,142900
ICLN,14-Nov-2008,19.32,20.5,18.54,19.02,50900
ICLR,14-Nov-2008,20.5,21.39,18.87,18.98,957500
ICUI,14-Nov-2008,29.85,32,29.85,30.95,166300
IDCC,14-Nov-2008,22.27,23,22.07,22.33,748400
IDRA,14-Nov-2008,61.92,68.4,61.92,64.08,41700
IDXX,14-Nov-2008,17.04,17.625,16.125,16.465,909600
IESC,14-Nov-2008,8.31,8.39,6.71,7.06,92900
IFGL,14-Nov-2008,20.74,21.24,20.37,20.37,26200
III,14-Nov-2008,3.13,3.18,3.05,3.08,11700
IIIIU,14-Nov-2008,2.92,2.92,2.92,2.92,0
IIIIW,14-Nov-2008,0.07,0.07,0.07,0.07,3700
IIN,14-Nov-2008,4.8,4.93,4.66,4.93,18400
IIVI,14-Nov-2008,11.54,11.68,10.785,10.84,222000
IKNX,14-Nov-2008,6.45,6.45,6.45,6.45,0
ILMN,14-Nov-2008,25,25.58,23.79,23.86,2193500
IMGN,14-Nov-2008,4.08,4.3,3.91,3.91,129000
IMKTA,14-Nov-2008,15.7,15.9,14.73,14.75,64700
IMMR,14-Nov-2008,4.17,4.29,3.74,3.74,391600
IMOS,14-Nov-2008,0.32,0.32,0.26,0.3,397700
INCY,14-Nov-2008,4.09,4.09,3.59,3.59,790100
INDB,14-Nov-2008,24.84,25.86,23.44,23.59,107500
INFI,14-Nov-2008,5.58,5.66,5.19,5.59,5000
INFN,14-Nov-2008,7.04,7.27,6.75,6.75,445100
INGN,14-Nov-2008,0.31,0.35,0.26,0.32,113200
INMD,14-Nov-2008,5.79,5.91,5.7,5.7,8400
INOD,14-Nov-2008,1.87,2,1.85,1.85,12700
INSM,14-Nov-2008,0.6,0.62,0.58,0.62,261100
INTC,14-Nov-2008,14.07,14.12,13.24,13.32,74874600
INTG,14-Nov-2008,12.5,12.5,12.5,12.5,0
INTU,14-Nov-2008,22.09,22.8,21.49,21.58,4576600
IOSP,14-Nov-2008,5.84,6.03,5.23,5.5,111400
IPAR,14-Nov-2008,9.4,9.4,8.39,8.4,92000
IPGP,14-Nov-2008,13.36,13.69,13.18,13.25,250800
IRBT,14-Nov-2008,10.08,10.75,9.92,9.92,81800
IRIX,14-Nov-2008,1.59,1.59,1.59,1.59,0
ISBC,14-Nov-2008,5.3451,5.5647,5.2118,5.2235,313200
ISIG,14-Nov-2008,1.28,1.4,1.14,1.14,5400
ISLE,14-Nov-2008,3.53,3.71,3.25,3.25,287200
ISRG,14-Nov-2008,157.69,164.49,148.14,148.41,1422900
ISSC,14-Nov-2008,5.61,5.61,4.98,4.98,40400
ITIC,14-Nov-2008,39,39,39,39,600
ITRI,14-Nov-2008,45.14,46.66,43.23,44.15,601000
ITRN,14-Nov-2008,7.25,7.32,7,7,39600
IVAC,14-Nov-2008,5.74,5.8,5.39,5.45,163900
JAKK,14-Nov-2008,199.2,203.3,189.2,189.8,254100
JAZZ,14-Nov-2008,1.47,1.51,1.3,1.3,12400
JBHT,14-Nov-2008,26.16,26.81,24.6,24.71,2681000
JBLU,14-Nov-2008,5.59,5.9,5.38,5.42,5686300
JBSS,14-Nov-2008,6.3,6.96,6.02,6.96,12900
JCS,14-Nov-2008,8.99,9.16,8.55,8.74,8900
JCTCF,14-Nov-2008,1.4725,1.4725,1.4725,1.4725,0
JJSF,14-Nov-2008,29.58,30.65,29.15,29.46,52300
JKHY,14-Nov-2008,18.37,18.99,17.62,17.71,1194400
JOBS,14-Nov-2008,3.25,4.115,3.21,3.4,24600
JOUT,14-Nov-2008,7,7,6.92,7,1600
JRJC,14-Nov-2008,84.9,84.9,77.5,80,124000
KALU,14-Nov-2008,27.16,28.63,25.13,25.36,355600
KELYA,14-Nov-2008,13.37,13.72,12.36,12.42,322900
KELYB,14-Nov-2008,14.2,14.2,12.9,12.9,200
KEQU,14-Nov-2008,10,10,9.04,9.06,1500
KFFB,14-Nov-2008,9.75,9.75,9.75,9.75,0
KFRC,14-Nov-2008,7.53,7.57,6.75,6.77,335900
KIDS,14-Nov-2008,0.82,0.94,0.8,0.94,22500
KIRK,14-Nov-2008,1.91,1.99,1.9,1.98,43600
KLAC,14-Nov-2008,18.44,18.62,17.06,18.16,5432000
KLIC,14-Nov-2008,2.37,2.49,2.01,2.02,573000
KNDI,14-Nov-2008,1.29,1.6,1.29,1.48,14800
KOPN,14-Nov-2008,1.81,1.98,1.8,1.82,87000
KOSS,14-Nov-2008,5.9,5.9,5.9,5.9,0
KRNY,14-Nov-2008,12.24,12.24,11.03,11.23,41200
KTCC,14-Nov-2008,1.28,1.3,1.27,1.28,2100
KTOS,14-Nov-2008,1.34,1.41,1.29,1.38,62500
KVHI,14-Nov-2008,5.02,5.03,4.6,4.67,10700
LAKE,14-Nov-2008,7.81,8,7.81,8,3000
LAMR,14-Nov-2008,14.32,16.18,13.67,14.88,1736100
LANC,14-Nov-2008,30.06,30.39,28.93,29.05,178000
LARK,14-Nov-2008,20.5,20.5,20.5,20.5,0
LAWS,14-Nov-2008,21.15,21.15,18.29,18.72,11600
LBAI,14-Nov-2008,9.91,9.99,8.93,8.96,52000
LBTYA,14-Nov-2008,7.7925,8.0072,7.164,7.2202,6407400
LBTYB,14-Nov-2008,15.05,15.05,14.98,15.05,200
LBTYK,14-Nov-2008,14.58,15.13,13.77,13.87,1604700
LCUT,14-Nov-2008,4.84,4.84,4.36,4.51,16500
LECO,14-Nov-2008,20.015,20.495,19.055,19.305,527500
LFUS,14-Nov-2008,16.88,17.35,15.56,15.64,115900
LGBT,14-Nov-2008,0.52,0.84,0.52,0.6,4500
LGND,14-Nov-2008,8.76,9.66,8.04,8.16,477500
LGVN,14-Nov-2008,0.5,0.55,0.48,0.48,15300
LHCG,14-Nov-2008,33,33.46,30.89,30.96,274300
LINC,14-Nov-2008,14.63,14.63,13.49,13.56,26700
LIVE,14-Nov-2008,0.6,0.6,0.4833,0.6,200
LJPC,14-Nov-2008,0.73,0.8,0.71,0.72,28300
LKFN,14-Nov-2008,13.8667,13.9533,12.68,12.6933,33100
LLNW,14-Nov-2008,2.69,3.04,2.62,2.68,228000
LMAT,14-Nov-2008,2.32,2.97,2.28,2.84,1400
LNDC,14-Nov-2008,7.64,8.06,7.44,7.45,148800
LOAN,14-Nov-2008,0.67,0.7,0.65,0.68,14300
LOGC,14-Nov-2008,0.81,0.82,0.81,0.82,3900
LOGI,14-Nov-2008,13.59,13.59,12.84,12.88,856700
LOOP,14-Nov-2008,6.47,6.67,6.3,6.41,249800
LORL,14-Nov-2008,8.81,9.11,8.21,8.24,14800
LPSN,14-Nov-2008,1.85,1.86,1.8,1.83,9200
LPTH,14-Nov-2008,1.08,1.08,0.96,0.98,3300
LQDT,14-Nov-2008,7.22,7.22,6.5,6.5,81900
LRCX,14-Nov-2008,19.07,19.26,17.46,17.99,4048200
LSBK,14-Nov-2008,8.05,8.05,8.05,8.05,0
LSCC,14-Nov-2008,1.66,1.67,1.56,1.56,488100
LSTR,14-Nov-2008,33.04,34.3,32.49,32.92,622300
LTRX,14-Nov-2008,0.62,0.62,0.54,0.6,1500
LULU,14-Nov-2008,4.33,4.405,4.09,4.12,390700
LUNA,14-Nov-2008,2.6,2.6,2.45,2.45,19500
LWAY,14-Nov-2008,9.65,9.72,9,9.35,21000
LXRX,14-Nov-2008,10.29,11.48,9.1,9.1,123800
LYTS,14-Nov-2008,6.11,6.92,6.05,6.11,87700
MANH,14-Nov-2008,3.925,4.01,3.6775,3.6875,265600
MANT,14-Nov-2008,50.91,51.47,49.28,49.59,386600
MARPS,14-Nov-2008,21.05,21.05,21,21,1200
MASI,14-Nov-2008,29.67,30.05,27.86,27.93,340400
MAT,14-Nov-2008,14.07,14.93,13.88,13.91,3576000
MATW,14-Nov-2008,41.95,44.87,40.41,40.63,222900
MAYS,14-Nov-2008,9.76,9.77,9.76,9.76,200
MBRX,14-Nov-2008,0.67,0.68,0.67,0.67,800
MBWM,14-Nov-2008,6.46,7.05,6.41,6.94,1400
MCBC,14-Nov-2008,3.81,3.82,3.34,3.38,61600
MCHP,14-Nov-2008,20.8,20.95,19.71,19.75,4503800
MCHX,14-Nov-2008,6.37,6.69,5.89,5.91,109600
MCRI,14-Nov-2008,7.34,8.03,7.31,7.45,98500
MDRX,14-Nov-2008,7.87,8.32,7.66,7.7,774000
MELI,14-Nov-2008,10.52,10.9,9.95,10.27,679800
MEOH,14-Nov-2008,12.34,13.12,11.64,12.35,652100
MERC,14-Nov-2008,1.96,2,1.66,1.68,79600
MESA,14-Nov-2008,0.27,0.3,0.23,0.25,160800
MGEE,14-Nov-2008,22.8333,23.32,22.1267,22.3667,109300
MGIC,14-Nov-2008,1.61,1.66,1.6,1.6,6100
MGLN,14-Nov-2008,35.55,35.76,33.51,34.29,319100
MGPI,14-Nov-2008,0.89,1.06,0.84,0.84,189100
MGRC,14-Nov-2008,19.16,20.15,17.65,17.8,96500
MGYR,14-Nov-2008,7.5,7.5,7.5,7.5,0
MHLD,14-Nov-2008,3.14,3.54,3.1,3.25,1344400
MIDD,14-Nov-2008,10.67,11.48,10.1267,10.7233,207400
MIND,14-Nov-2008,4.86,4.88,4.23,4.4,99100
MKSI,14-Nov-2008,14.67,15.1,13.99,13.99,350700
MKTX,14-Nov-2008,6.17,6.88,5.28,5.38,122200
MKTY,14-Nov-2008,1.02,1.02,0.94,0.96,14500
MLAB,14-Nov-2008,18.26,18.26,18.25,18.25,500
MLHR,14-Nov-2008,15.72,16.2,14.55,14.61,723300
MLVF,14-Nov-2008,9.73,9.73,9.73,9.73,0
MMLP,14-Nov-2008,20.53,20.63,18.12,19.16,47300
MMSI,14-Nov-2008,12.288,12.56,11.976,12.12,189400
MNDO,14-Nov-2008,0.89,0.89,0.89,0.89,0
MNKD,14-Nov-2008,18,18,16,16.55,247000
MNOV,14-Nov-2008,2.15,2.15,2.15,2.15,300
MNRO,14-Nov-2008,13.3933,13.66,12.7533,12.8533,166500
MNST,14-Nov-2008,4.2583,4.4833,4.1667,4.2267,2478400
MNTX,14-Nov-2008,1.49,1.66,1.05,1.24,14000
MOFG,14-Nov-2008,13,13,12.96,13,2100
MORN,14-Nov-2008,32.25,32.25,30.2,30.23,196900
MOSY,14-Nov-2008,546,546,510,530,6000
MOVE,14-Nov-2008,4.28,4.72,4.04,4.04,1025300
MPAA,14-Nov-2008,4.61,4.61,4.15,4.45,1300
MPAC,14-Nov-2008,1.4,1.4,1,1.05,6100
MPB,14-Nov-2008,21,21.57,21,21.57,200
MPWR,14-Nov-2008,12.1,12.25,10.87,11.26,404300
MRCY,14-Nov-2008,5.77,5.78,5.02,5.13,103400
MRLN,14-Nov-2008,3.65,3.75,3.64,3.67,6600
MRNA,14-Nov-2008,0.29,0.46,0.29,0.41,198900
MRTN,14-Nov-2008,8.9155,9.1333,8.3911,8.4622,211700
MRVL,14-Nov-2008,6.14,6.14,5.59,5.81,10727800
MSEX,14-Nov-2008,16.3,16.36,15.23,15.27,30900
MSFT,14-Nov-2008,20.55,21.34,19.65,20.06,96626900
MSON,14-Nov-2008,1.26,1.31,1.26,1.3,2500
MSTR,14-Nov-2008,35.93,37.21,35.42,35.51,111800
MTEX,14-Nov-2008,36.3,37.2,33.8,33.8,46100
MTRX,14-Nov-2008,9.45,10.03,8.73,8.75,224000
MTSI,14-Nov-2008,3.01,3.01,2.85,3.01,1700
MU,14-Nov-2008,3.1,3.13,2.63,2.75,28326300
MVIS,14-Nov-2008,12.32,12.64,10.88,10.88,288800
MYGN,14-Nov-2008,34,34.26,33,33.065,2072600
MYRG,14-Nov-2008,6.83,7.46,6,6.9,948200
NAII,14-Nov-2008,5.86,5.86,5.86,5.86,0
NATH,14-Nov-2008,13.13,13.81,12.96,13.5,50500
NATI,14-Nov-2008,15.1933,15.4867,14.4533,14.5467,711500
NAVI,14-Nov-2008,0.3,0.45,0.25,0.37,472700
NBIX,14-Nov-2008,3.74,3.89,3.3,3.3,148700
NBN,14-Nov-2008,9,9,9,9,100
NBTB,14-Nov-2008,26.95,27.27,24.66,24.8,135000
NCMI,14-Nov-2008,9.33,9.57,8.38,8.4,190200
NCTY,14-Nov-2008,367.5,383.4,361.2,361.2,41200
NDAQ,14-Nov-2008,23.14,24.54,21.81,21.9,4886200
NDSN,14-Nov-2008,15.37,16.145,14.99,15.1,663100
NECB,14-Nov-2008,7.1,7.1,7.05,7.05,11100
NEOG,14-Nov-2008,8.7167,8.86,8.3033,8.3234,87400
NEON,14-Nov-2008,0.9,0.9,0.7,0.8,56400
NEPT,14-Nov-2008,1.12,1.12,0.52,0.52,1600
NEWT,14-Nov-2008,1.9,1.9,1.65,1.65,27400
NFBK,14-Nov-2008,11.71,11.81,11.07,11.07,17800
NFLX,14-Nov-2008,3.4157,3.4457,3.14,3.1471,1293500
NICE,14-Nov-2008,21.69,22.2,20.93,21.53,463000
NICK,14-Nov-2008,2.68,2.68,2.55,2.6,8100
NKSH,14-Nov-2008,17.21,18.97,17.21,18.1,1400
NKTR,14-Nov-2008,4.84,5.12,4.36,4.37,640700
NLTX,14-Nov-2008,1.86,1.86,0.65,0.98,131200
NNBR,14-Nov-2008,1.77,1.78,1.6,1.6,430300
NOVN,14-Nov-2008,11.87,11.95,11.62,11.65,225400
NRIM,14-Nov-2008,12.88,13,12.5,12.88,1200
NSEC,14-Nov-2008,7.62,7.63,7.35,7.35,2400
NSIT,14-Nov-2008,5.25,5.25,4.32,4.34,407900
NSSC,14-Nov-2008,1.7,1.88,1.66,1.71,5900
NSYS,14-Nov-2008,5.11,5.11,5.11,5.11,0
NTAP,14-Nov-2008,11.9,12.78,11.48,12.3,14731600
NTCT,14-Nov-2008,8.53,8.84,8.12,8.45,211200
NTES,14-Nov-2008,4.052,4.096,3.85,3.93,1412000
NTGR,14-Nov-2008,10.21,10.44,9.87,9.9,292300
NTIC,14-Nov-2008,5,5.015,5,5,400
NTRS,14-Nov-2008,48.23,48.95,44.51,44.92,2742900
NTWK,14-Nov-2008,10.3,10.9,9.8,10.2,80300
NUAN,14-Nov-2008,8,8.1,7.48,7.48,3995100
NURO,14-Nov-2008,211.2,215.04,203.52,211.2,50000
NUVA,14-Nov-2008,41.47,42.36,39.84,39.89,473000
NVAX,14-Nov-2008,40.4,42.8,39.8,40,166400
NVDA,14-Nov-2008,1.9025,1.915,1.785,1.7925,18528300
NVEC,14-Nov-2008,24,24.12,22.58,22.92,14200
NVMI,14-Nov-2008,0.74,0.78,0.63,0.74,1000
NWFL,14-Nov-2008,30.3,30.3,30.3,30.3,100
NWLI,14-Nov-2008,190,192.03,185.3,185.3,1400
NWPX,14-Nov-2008,32.48,32.48,29.12,29.48,151700
NXST,14-Nov-2008,0.99,1,0.87,0.89,20300
NYMT,14-Nov-2008,1.8,1.85,1.75,1.85,4000
NYMX,14-Nov-2008,4,4.05,3.85,3.99,8400
OBAS,14-Nov-2008,4.95,4.95,4.95,4.95,0
OBCI,14-Nov-2008,0.75,0.8,0.69,0.79,2300
OCFC,14-Nov-2008,14.06,15.43,14.06,14.3,58500
ODFL,14-Nov-2008,11.0533,11.1289,10.5333,10.6089,562700
OESX,14-Nov-2008,3.25,3.5,3.03,3.03,104200
OFIX,14-Nov-2008,12.5,13.51,12.37,12.4,139800
OFLX,14-Nov-2008,23.03,24.4,22.18,23.45,6800
OIIM,14-Nov-2008,2.37,2.4,2.23,2.33,212700
OMAB,14-Nov-2008,9.01,9.37,8.93,9.12,63800
OMCL,14-Nov-2008,10.04,10.04,9.31,9.49,309700
OMEX,14-Nov-2008,41.88,43.68,40.2,40.2,124900
ONCY,14-Nov-2008,1.45,1.54,1.4,1.46,34600
ONEQ,14-Nov-2008,61.12,62.2,59.23,59.95,14000
OPHC,14-Nov-2008,198,198,198,198,0
OPNT,14-Nov-2008,11.67,12.07,11.26,11.27,41000
OPOF,14-Nov-2008,18.86,18.86,18.86,18.86,0
ORGN,14-Nov-2008,0.86,0.9,0.85,0.9,4700
ORLY,14-Nov-2008,24.36,25,22.76,23.24,1531500
OSBC,14-Nov-2008,13.27,13.35,11.95,11.96,32200
OSIS,14-Nov-2008,11.5,11.76,10.93,10.96,133500
OSTK,14-Nov-2008,9.48,10.14,8.9,9.04,122900
OSUR,14-Nov-2008,3.3,3.39,2.92,2.93,105200
OTEX,14-Nov-2008,7.4975,7.5,7.0875,7.1875,532100
OTTR,14-Nov-2008,18.03,18.38,17.2,17.32,450000
OVBC,14-Nov-2008,19.34,19.35,19.34,19.35,1500
PAAS,14-Nov-2008,10.66,11.24,10.15,10.36,2001900
PACW,14-Nov-2008,25.38,27.69,25.37,25.52,311300
PANL,14-Nov-2008,7.34,7.5,6.45,6.45,425400
PATK,14-Nov-2008,0.5645,0.5733,0.5645,0.5689,1500
PAYX,14-Nov-2008,26.3,26.93,25.59,25.7,4768500
PBCT,14-Nov-2008,18.22,18.74,18,18.15,7798400
PBHC,14-Nov-2008,8,8,8,8,0
PBIP,14-Nov-2008,10.05,10.15,9.75,9.75,47000
PCAR,14-Nov-2008,27.8,29.85,26.86,28.11,6604800
PCTI,14-Nov-2008,5.23,5.27,4.76,4.78,62700
PCYO,14-Nov-2008,2.5,2.6,2.35,2.35,15100
PDCO,14-Nov-2008,22.91,24.31,22,22.04,1510400
PDEX,14-Nov-2008,0.42,0.5,0.42,0.5,44200
PDFS,14-Nov-2008,2.05,2.26,2.05,2.16,44300
PEBK,14-Nov-2008,11.5,11.5,11.5,11.5,900
PEBO,14-Nov-2008,18.6,19.02,17.22,17.22,15000
PEGA,14-Nov-2008,5.935,6.24,5.635,5.675,107600
PENN,14-Nov-2008,16.95,17.21,16.29,16.37,948400
PESI,14-Nov-2008,5.75,7.25,5.7,5.9,146700
PETS,14-Nov-2008,18.55,18.71,17.3,17.3,911800
PFBC,14-Nov-2008,6.18,6.55,6.05,6.52,22700
PFIN,14-Nov-2008,1.61,1.61,1.55,1.55,3600
PFSW,14-Nov-2008,0.92,1.11,0.86,1.03,23800
PGC,14-Nov-2008,30.73,30.73,28.64,28.64,2300
PKBK,14-Nov-2008,7.7909,8.1727,7.7727,8.1727,2200
PKOH,14-Nov-2008,6.23,6.24,5.09,5.66,58800
PLAB,14-Nov-2008,0.68,0.79,0.67,0.67,177800
PLBC,14-Nov-2008,8.44,9.86,8.44,8.62,6800
PLCE,14-Nov-2008,22.4,23.28,21.99,22.13,1118800
PLPC,14-Nov-2008,43.99,44.34,37.52,37.53,3700
PLUG,14-Nov-2008,0.81,0.83,0.75,0.75,398700
PLUS,14-Nov-2008,4.625,4.76,4.55,4.76,11100
PLXS,14-Nov-2008,16.1,16.11,14.85,14.89,310900
PMBC,14-Nov-2008,3.99,4,3.95,4,1900
PMD,14-Nov-2008,8.39,8.71,8.16,8.7,4100
PNBK,14-Nov-2008,100.6,100.6,100.1,100.1,400
PNFP,14-Nov-2008,27.09,27.71,25.31,25.71,92800
PNNT,14-Nov-2008,2.53,2.84,2.45,2.75,154100
PNQI,14-Nov-2008,12.44,12.44,12.44,12.44,0
PNRG,14-Nov-2008,53.25,53.25,53.25,53.25,100
PODD,14-Nov-2008,4.53,4.62,4.12,4.29,177600
POOL,14-Nov-2008,15.41,16.27,15.28,15.48,458900
POWI,14-Nov-2008,9.29,9.385,8.67,8.675,374600
POWL,14-Nov-2008,23.88,23.97,22.06,22.74,82800
PPBI,14-Nov-2008,4,4,4,4,2200
PRAA,14-Nov-2008,11.4933,11.8133,10.6,10.6233,161800
PRFT,14-Nov-2008,4.36,4.42,3.8,3.82,197400
PRFZ,14-Nov-2008,31.52,31.79,30.04,30.04,54400
PRGS,14-Nov-2008,14.5267,14.94,13.7667,13.8733,219800
PRIM,14-Nov-2008,6,6,5.1,5.66,8300
PROV,14-Nov-2008,5.6,5.72,5.5,5.5,1500
PRTS,14-Nov-2008,1.8,1.83,1.65,1.67,10900
PSEC,14-Nov-2008,10,10.4,9.91,9.98,139600
PSMT,14-Nov-2008,14.3,14.82,13.43,13.47,99300
PSTI,14-Nov-2008,5.5,5.5,2.6,3,33600
PTEN,14-Nov-2008,11.27,12.2,11.04,11.54,4716200
PTIX,14-Nov-2008,3.23,3.31,3.2,3.2,4400
PTNR,14-Nov-2008,17.42,17.44,16.98,17.02,67400
PTSI,14-Nov-2008,7.75,9.55,6.84,7.12,96200
PWOD,14-Nov-2008,17.3333,17.3333,17.3333,17.3333,100
PXLW,14-Nov-2008,0.8,0.82,0.75,0.78,15800
PZZA,14-Nov-2008,8.925,9.005,8.34,8.37,166600
QCLN,14-Nov-2008,10.78,11.05,10.27,10.46,7100
QCOM,14-Nov-2008,33.22,34.6,32.3,32.94,24136700
QCRH,14-Nov-2008,13.49,13.49,13.26,13.48,1700
QDEL,14-Nov-2008,15.47,15.75,15.01,15.1,498100
QQEW,14-Nov-2008,12.07,12.36,11.82,11.89,10600
QQQ,14-Nov-2008,29.81,30.42,28.87,28.98,259407100
QQQX,14-Nov-2008,9.64,9.67,9.01,9.2,106400
QQXT,14-Nov-2008,11.89,12.18,11.43,11.8,5200
QTEC,14-Nov-2008,11.62,11.76,11.44,11.44,10300
QUIK,14-Nov-2008,11.2,11.2,9.1,10.22,96100
RADA,14-Nov-2008,2.48,2.48,2.2,2.48,1500
RAIL,14-Nov-2008,21.26,22.25,20.25,20.72,185500
RAM,14-Nov-2008,1.26,1.28,1.1,1.1,222100
RAND,14-Nov-2008,27.99,29.25,27.99,29.25,1300
RAVN,14-Nov-2008,15.81,16.02,14.64,14.79,132500
RBCAA,14-Nov-2008,21.55,22.2,20.74,20.84,119100
RBCN,14-Nov-2008,44.6,45.6,32,35,300300
RCII,14-Nov-2008,13.56,13.99,13.33,13.37,1846600
RCKY,14-Nov-2008,3.35,3.43,3.15,3.43,4500
RCMT,14-Nov-2008,0.99,1.02,0.95,0.97,11200
RDCM,14-Nov-2008,1.14,1.14,1.14,1.14,0
RDNT,14-Nov-2008,2.15,2.33,2.01,2.06,162400
RDWR,14-Nov-2008,3.12,3.13,3,3,21500
REED,14-Nov-2008,1.39,1.58,1.39,1.58,800
REFR,14-Nov-2008,3.15,3.15,2.65,2.95,34300
REGN,14-Nov-2008,17.52,18.2,17.08,17.17,462600
RELL,14-Nov-2008,3.92,3.93,3.36,3.46,27900
RENT,14-Nov-2008,10.54,10.81,10.5,10.74,22200
RFIL,14-Nov-2008,2.205,2.205,2.155,2.2,5800
RGCO,14-Nov-2008,9.3167,9.3167,8.1833,9.3167,200
RGEN,14-Nov-2008,3.92,4.16,3.87,3.87,128100
RGLD,14-Nov-2008,31.86,32.98,30.55,30.88,637300
RICK,14-Nov-2008,5.25,5.36,4.81,5.05,272300
RIGL,14-Nov-2008,7.3,7.33,6.48,6.55,435000
RMBS,14-Nov-2008,8.09,8.16,7.5,7.76,1529100
RMCF,14-Nov-2008,6.09,6.09,5.65,5.73,15500
RMTI,14-Nov-2008,1.69,1.95,1.65,1.8,521600
RNST,14-Nov-2008,20.01,20.4,18.12,18.26,101900
RNWK,14-Nov-2008,4.11,4.21,3.84,3.88,724900
ROCK,14-Nov-2008,13.22,13.34,12.06,12.21,191400
ROLL,14-Nov-2008,21.05,21.14,19.64,19.84,360300
ROST,14-Nov-2008,6.9725,7.0625,6.5475,6.5575,2529000
RPRX,14-Nov-2008,8.14,8.9,8.11,8.73,50700
RRGB,14-Nov-2008,12.88,13.23,11.52,12.16,440000
RUSHA,14-Nov-2008,4.72,4.8,4.54,4.54,236800
RUSHB,14-Nov-2008,5.38,5.38,5.16,5.1667,9100
RUTH,14-Nov-2008,1.56,1.61,1.37,1.37,116300
RVSB,14-Nov-2008,4.35,4.39,4.26,4.33,900
RYAAY,14-Nov-2008,24.37,24.95,23.44,23.46,980500
SAFM,14-Nov-2008,22.6,23.23,22.04,22.06,473100
SAFT,14-Nov-2008,35.25,35.69,32.59,32.83,290300
SAIA,14-Nov-2008,6.7333,6.8867,6.42,6.52,136500
SALM,14-Nov-2008,0.79,0.93,0.79,0.9,9500
SANM,14-Nov-2008,0.59,0.61,0.5,0.5,5838500
SASR,14-Nov-2008,18.01,19.35,17.5,17.62,31900
SATS,14-Nov-2008,13.39,13.39,12.4881,12.5288,309800
SBAC,14-Nov-2008,15.53,16.15,14.11,15.5,3613500
SBCF,14-Nov-2008,34.65,37.4,32.75,32.85,89600
SBGI,14-Nov-2008,2.26,2.28,2.16,2.16,288700
SBLK,14-Nov-2008,258,258.75,243,251.25,350500
SBNY,14-Nov-2008,30.12,31.82,29.22,30.2,344400
SBSI,14-Nov-2008,21.5143,21.9524,20.0857,20.2381,49400
SBUX,14-Nov-2008,4.595,4.62,4.305,4.305,13399500
SCHL,14-Nov-2008,15.72,16.39,15.25,15.28,307800
SCHN,14-Nov-2008,25.35,26.6,24.84,25.22,798900
SCKT,14-Nov-2008,0.38,0.38,0.38,0.38,0
SCOR,14-Nov-2008,9.58,9.82,9.41,9.44,142800
SCSC,14-Nov-2008,17.87,18.29,17.16,17.32,123500
SCVL,14-Nov-2008,7.82,8,6.7267,6.7867,83700
SEAC,14-Nov-2008,7.71,7.86,7.36,7.37,222800
SEED,14-Nov-2008,30.8,30.9,29.7,30.1,59500
SEIC,14-Nov-2008,16.58,17.18,15.49,15.67,946800
SENEA,14-Nov-2008,16.55,17.94,16.5,17.68,2700
SENEB,14-Nov-2008,18.6,18.6,18.6,18.6,0
SFNC,14-Nov-2008,15.1,15.25,13.75,13.815,29300
SFST,14-Nov-2008,8.5,8.94,8.5,8.94,2600
SGC,14-Nov-2008,10.04,10.05,9.5,9.5,7100
SGEN,14-Nov-2008,9.45,10.57,9.13,9.96,454300
SGMA,14-Nov-2008,2.28,2.6,2.28,2.6,5400
SGMO,14-Nov-2008,2.81,3.15,2.49,2.5,518400
SGMS,14-Nov-2008,14.78,15.67,14.28,14.58,952800
SGRP,14-Nov-2008,0.64,0.8,0.64,0.65,2600
SHBI,14-Nov-2008,22.89,22.89,20.62,20.72,6500
SHEN,14-Nov-2008,12.1,12.22,11.25,11.305,68100
SHIP,14-Nov-2008,6156,6264,5280,6252,5300
SHIPW,14-Nov-2008,0.25,0.25,0.2,0.2,22700
SHOO,14-Nov-2008,3.8558,3.8558,3.4529,3.4726,217200
SHY,14-Nov-2008,84.33,84.41,84.25,84.25,858200
SIEB,14-Nov-2008,1.95,1.97,1.94,1.95,2900
SIFY,14-Nov-2008,1.09,1.1,1.05,1.05,47600
SIGA,14-Nov-2008,2.63,2.74,2.49,2.49,67400
SIGI,14-Nov-2008,21.74,22.28,20.87,20.95,212200
SILC,14-Nov-2008,5.3,5.42,5.28,5.28,10200
SIMO,14-Nov-2008,2.5,2.55,2.34,2.35,213000
SINO,14-Nov-2008,17.6,20.5,17.15,20.35,14000
SINT,14-Nov-2008,933,937.5,915,915.3,115000
SIRI,14-Nov-2008,0.27,0.27,0.25,0.26,19443600
SIVB,14-Nov-2008,39.57,40.99,38.86,39.69,1284000
SKYW,14-Nov-2008,12.74,13.74,12.42,12.87,547700
SLAB,14-Nov-2008,22.54,22.54,21.1,21.5,1374100
SLGN,14-Nov-2008,10.9275,11.2175,10.3375,10.4325,387700
SLP,14-Nov-2008,1.13,1.15,1.1,1.14,21700
SMBC,14-Nov-2008,6.15,6.15,6.15,6.15,100
SMCI,14-Nov-2008,3.95,4.35,3.85,4.05,426800
SMIT,14-Nov-2008,4.5,4.5,4.5,4.5,0
SMMF,14-Nov-2008,8.75,8.75,8.25,8.75,500
SMSI,14-Nov-2008,25.4,25.4,23.28,23.36,250600
SMTC,14-Nov-2008,9.78,9.98,9.41,9.45,1057700
SNCR,14-Nov-2008,8.32,8.59,7.92,7.94,197600
SNFCA,14-Nov-2008,1.85,1.85,1.74,1.74,4400
SNPS,14-Nov-2008,16.75,16.9,16.11,16.19,1856500
SOHU,14-Nov-2008,45.23,45.99,43.18,43.32,1711300
SONO,14-Nov-2008,19.09,20.09,18.66,19.05,313700
SPNS,14-Nov-2008,1.93,1.93,1.93,1.93,0
SPPI,14-Nov-2008,1.51,1.54,1.47,1.49,100900
SPRO,14-Nov-2008,3.04,3.48,3.04,3.48,7100
SPTN,14-Nov-2008,24.4,24.52,23.33,23.38,295700
SRCE,14-Nov-2008,21.03,21.92,19.51,19.71,26300
SRCL,14-Nov-2008,58.08,60,56.96,58.01,1331700
SRDX,14-Nov-2008,24.87,25.61,24.49,24.65,196400
SSBI,14-Nov-2008,5.3,5.3,5.29,5.3,5700
SSTI,14-Nov-2008,3.06,3.08,2.74,2.74,275200
SSYS,14-Nov-2008,11.44,11.59,10.35,10.52,174400
STAA,14-Nov-2008,1.6,1.7,1.5,1.56,78400
STBA,14-Nov-2008,32.13,32.9,30.34,30.51,116500
STFC,14-Nov-2008,25.1,25.11,23.26,23.35,58700
STKL,14-Nov-2008,2.47,2.49,2.15,2.16,327300
STLD,14-Nov-2008,8.53,8.91,7.95,8.12,7317500
STRA,14-Nov-2008,216.01,222.71,211.75,216.94,219100
STRC,14-Nov-2008,0.91,0.91,0.83,0.83,1100
STRL,14-Nov-2008,12.07,12.4,10.72,10.72,82600
STRM,14-Nov-2008,2.49,2.49,2.16,2.17,5400
STRN,14-Nov-2008,4.31,4.31,2.83,3.73,7700
STRS,14-Nov-2008,17.72,18.45,15.01,15.01,2800
STRT,14-Nov-2008,17,17.34,17,17,300
STSA,14-Nov-2008,404.58,425.04,390.06,394.02,889000
STX,14-Nov-2008,4.94,5.2,4.75,4.87,10876200
SUMR,14-Nov-2008,29.43,34.2,29.43,30.33,83700
SURG,14-Nov-2008,0.98,1.05,0.9,0.9,187600
SVBI,14-Nov-2008,6.17,6.17,6.17,6.17,0
SWIM,14-Nov-2008,6.47,6.97,6.37,6.4,392600
SWIR,14-Nov-2008,8.04,8.2,7.88,7.88,164800
SWKS,14-Nov-2008,5.75,5.75,5.06,5.29,5617400
SYBT,14-Nov-2008,17.38,17.8,16.4,16.4,10300
SYNA,14-Nov-2008,20.18,20.92,19.44,19.69,2007600
SYNL,14-Nov-2008,4.82,5.8,4.82,5.41,2100
SYPR,14-Nov-2008,0.43,0.54,0.4,0.54,7300
TACT,14-Nov-2008,4.46,4.6,4.26,4.26,79000
TAIT,14-Nov-2008,0.71,0.71,0.71,0.71,200
TAST,14-Nov-2008,1.84,1.88,1.65,1.69,62800
TAYD,14-Nov-2008,2.78,2.88,2.49,2.49,20300
TBBK,14-Nov-2008,3.31,3.35,3.13,3.17,12600
TCBI,14-Nov-2008,15.35,15.87,15.11,15.13,315400
TCBK,14-Nov-2008,21.77,22.19,20.15,20.57,47500
TCX,14-Nov-2008,1.2,1.2,1.12,1.16,71300
TEAM,14-Nov-2008,5.13,5.17,4.66,4.66,5900
TECH,14-Nov-2008,67.1,69.99,65.32,65.96,271600
TESS,14-Nov-2008,7.2067,7.5333,6.7533,7.5333,3600
TFSL,14-Nov-2008,13.1,13.2,12.88,13.1,986700
TGA,14-Nov-2008,2.26,2.28,2,2.15,124800
THFF,14-Nov-2008,39.94,40.81,36.6,36.83,21400
THRM,14-Nov-2008,2.27,2.46,1.88,2.06,62100
THRX,14-Nov-2008,6.21,6.75,6.15,6.16,256500
TIGR,14-Nov-2008,1.61,1.71,1.43,1.55,43500
TITN,14-Nov-2008,10.98,11.24,10.04,10.85,197200
TLT,14-Nov-2008,95.11,95.46,94.79,95.17,1059300
TNDM,14-Nov-2008,14.79,15.43,13.82,15.05,430400
TOPS,14-Nov-2008,11200000,13580000,11200000,13090000,269200
TOWN,14-Nov-2008,20.88,21.99,20.75,20.85,44300
TPTX,14-Nov-2008,0.27,0.28,0.27,0.28,400
TREE,14-Nov-2008,2.2,2.44,2.19,2.19,36600
TRIB,14-Nov-2008,2.12,2.2,1.95,2,32400
TRIN,14-Nov-2008,108.25,112.92,107.32,108.32,87200
TRMB,14-Nov-2008,9.52,10.11,9.365,9.62,1029200
TRMD,14-Nov-2008,133.2,136.8,130,130.6,20500
TRMK,14-Nov-2008,19.48,20.44,18.67,18.75,455600
TRNS,14-Nov-2008,6.74,7.5,6.74,6.74,200
TROW,14-Nov-2008,31.71,34.03,31.3,31.51,2722400
TRST,14-Nov-2008,10.95,11.25,10.2,10.23,405600
TRUE,14-Nov-2008,10.51,10.99,9.4,10.99,1900
TSBK,14-Nov-2008,6.88,6.88,6.88,6.88,500
TSCO,14-Nov-2008,8.94,9.2525,8.62,8.62,724600
TSEM,14-Nov-2008,3.6,3.9,3.3,3.6,203200
TSRI,14-Nov-2008,1.94,1.94,1.94,1.94,0
TTEC,14-Nov-2008,8.9,9.12,8.61,8.69,585800
TTEK,14-Nov-2008,17.74,18.43,16.56,16.98,788700
TTGT,14-Nov-2008,3.85,4,3.58,3.58,38900
TTMI,14-Nov-2008,5.89,6.04,5.52,5.53,298500
TTWO,14-Nov-2008,10.49,11.4,10.03,10.76,1312000
TWIN,14-Nov-2008,6.17,6.54,5.43,5.48,139800
TXN,14-Nov-2008,17.11,17.14,16.07,16.11,16729100
TXRH,14-Nov-2008,5.65,5.91,5.53,5.54,1178400
TZOO,14-Nov-2008,4.79,4.79,4.48,4.48,41900
UBCP,14-Nov-2008,9.95,9.95,9.95,9.95,0
UBFO,14-Nov-2008,9.5,9.7,8.85,8.86,24000
UBOH,14-Nov-2008,10.75,10.75,10.75,10.75,1700
UBSI,14-Nov-2008,29.56,32,29.56,30.14,432300
UCBI,14-Nov-2008,11.96,13,11.87,12.12,254700
UCTT,14-Nov-2008,2.29,2.34,1.9,1.9,109400
UEIC,14-Nov-2008,15.97,16.76,15.19,15.33,234100
UEPS,14-Nov-2008,11.2,11.73,10.93,10.97,512800
UFCS,14-Nov-2008,20.9,21.14,18.71,18.83,130200
UFPI,14-Nov-2008,19.55,20.41,18.69,18.89,186300
UFPT,14-Nov-2008,5.87,5.87,5.5,5.5,4200
UHAL,14-Nov-2008,41.55,42.66,40.22,40.23,42100
ULBI,14-Nov-2008,9.75,9.86,9.06,9.08,51400
ULTA,14-Nov-2008,8.02,8.2,7.6,7.6,104200
UMBF,14-Nov-2008,44.12,46.22,41.65,41.85,208700
UMPQ,14-Nov-2008,14.71,15.69,14.35,14.35,563100
UNAM,14-Nov-2008,7.03,7.49,7.03,7.46,1300
UNB,14-Nov-2008,17.89,20,17.89,17.89,300
UNTY,14-Nov-2008,4,4,4,4,0
URBN,14-Nov-2008,16.5,17.77,15.91,16.04,8097300
USAK,14-Nov-2008,14.39,15.84,14.39,14.61,32300
USAP,14-Nov-2008,11.04,11.44,10.32,10.55,38300
USEG,14-Nov-2008,117.6,117.6,114.6,116.4,35100
USLM,14-Nov-2008,26,26,23.87,23.87,600
UTHR,14-Nov-2008,46.085,46.65,44.34,45.26,702200
UTMD,14-Nov-2008,24.6,24.8,24.26,24.6,6000
UTSI,14-Nov-2008,5.4,5.61,4.89,5.01,406800
UVSP,14-Nov-2008,28.56,29.5,27.44,27.57,8300
VALU,14-Nov-2008,33.41,33.79,31.56,32.88,3500
VBFC,14-Nov-2008,91.2,91.2,80.64,90.72,10300
VECO,14-Nov-2008,5.09,5.11,4.57,4.59,477600
VIA,14-Nov-2008,17.45,19.23,17.45,18.29,97400
VICR,14-Nov-2008,5.06,5.36,5.05,5.11,50700
VIRC,14-Nov-2008,2.8,2.97,2.58,2.89,17100
VIVO,14-Nov-2008,24.99,26.24,24.29,25.14,345300
VLGEA,14-Nov-2008,22.92,22.92,22,22,1700
VNDA,14-Nov-2008,0.7,0.79,0.7,0.75,62700
VOD,14-Nov-2008,18.46,18.92,17.99,18.09,5419000
VOXX,14-Nov-2008,5.39,5.7,4.87,4.89,69700
VRSN,14-Nov-2008,19.15,19.84,18.4,18.64,2670500
VRTX,14-Nov-2008,28.3,28.83,27.31,27.5,2435000
VSAT,14-Nov-2008,19.35,19.49,18.71,19.05,356200
VSEC,14-Nov-2008,15.225,15.45,14.01,14.31,20500
WABC,14-Nov-2008,54.99,56.66,51.41,51.74,320700
WAFD,14-Nov-2008,16.01,16.39,15.16,15.22,1141500
WASH,14-Nov-2008,19.66,19.79,18.56,18.84,46400
WAVE,14-Nov-2008,0.18,0.19,0.11,0.13,538600
WDC,14-Nov-2008,13.91,14.52,13.36,13.45,3117100
WDFC,14-Nov-2008,27.81,28.39,26.79,27.06,81600
WERN,14-Nov-2008,19.69,19.69,18.35,18.52,1417900
WEYS,14-Nov-2008,29,29.26,26.04,26.21,17000
WILC,14-Nov-2008,1.65,1.66,1.56,1.66,5500
WINA,14-Nov-2008,14.96,14.96,14.96,14.96,0
WIRE,14-Nov-2008,17.04,17.89,16.46,16.58,200200
WLDN,14-Nov-2008,1.66,2,1.66,2,600
WLFC,14-Nov-2008,10.89,10.89,10.56,10.7,1500
WOOD,14-Nov-2008,29.63,29.68,28.72,28.72,1400
WOOF,14-Nov-2008,19.25,19.58,17.72,17.79,472200
WPRT,14-Nov-2008,4.1,4.23,4.06,4.15,107600
WRLD,14-Nov-2008,18.07,18.32,16.66,17.07,179200
WSBC,14-Nov-2008,25.38,25.84,22.9,23,93500
WSBF,14-Nov-2008,6.28,7.25,5.36,5.45,8100
WSFS,14-Nov-2008,14.9967,15.13,14,14.0933,28200
WSTG,14-Nov-2008,7.69,7.69,6.49,7.65,5900
WTBA,14-Nov-2008,12.6,12.74,11.46,11.63,22500
WTFC,14-Nov-2008,24.21,25.18,22.65,22.84,227900
WVFC,14-Nov-2008,16.99,16.99,16.99,16.99,100
WVVI,14-Nov-2008,3.8,3.99,3.8,3.8,1300
WYNN,14-Nov-2008,43.62,44.38,42.5,43,6877600
XLNX,14-Nov-2008,16.25,16.62,15.73,15.95,10404000
XOMA,14-Nov-2008,21.4,22,20,20.2,670000
XRAY,14-Nov-2008,29.73,30.7,29.21,29.44,3893100
XRTX,14-Nov-2008,4.37,4.57,4.21,4.24,43200
XTLB,14-Nov-2008,11.85,14.5,11.85,14.25,159800
YORW,14-Nov-2008,10.81,11.23,10.7,11.23,9000
ZBRA,14-Nov-2008,19.62,19.85,18.9,19.13,685100
ZEUS,14-Nov-2008,18.11,18.71,16.81,16.9,208200
ZION,14-Nov-2008,33.51,35.64,31.94,32.69,2434600
ZIOP,14-Nov-2008,1.01,1.04,1,1.04,15500
ZIXI,14-Nov-2008,1.72,1.84,1.49,1.58,399300
ZUMZ,14-Nov-2008,7.67,8.49,7.04,7.09,331200
